{
  "version": "0.5.0",
  "EmberENV": {
    "FEATURES": {}
  },
  "options": {
    "enable-testing": false
  },
  "dependencies": {
    "jquery": "https://cdnjs.cloudflare.com/ajax/libs/jquery/1.11.3/jquery.js",
    "ember": "https://cdnjs.cloudflare.com/ajax/libs/ember.js/2.2.0/ember.debug.js",
    "ember-data": "https://cdnjs.cloudflare.com/ajax/libs/ember-data.js/2.2.1/ember-data.js",
    "ember-template-compiler": "https://cdnjs.cloudflare.com/ajax/libs/ember.js/2.2.0/ember-template-compiler.js",
    "jquery-mockjax": "https://cdnjs.cloudflare.com/ajax/libs/jquery-mockjax/1.6.2/jquery.mockjax.js"
  }
}
